{
    "accuracy": 0.6293753140177525,
    "classification_report": {
        "BROWSING": {
            "precision": 0.6404589885252868,
            "recall": 0.7535,
            "f1-score": 0.6923960487020445,
            "support": 2000.0
        },
        "CHAT": {
            "precision": 0.6006944444444444,
            "recall": 0.34530938123752497,
            "f1-score": 0.4385297845373891,
            "support": 501.0
        },
        "FT": {
            "precision": 0.8058035714285714,
            "recall": 0.4540880503144654,
            "f1-score": 0.580852775543041,
            "support": 795.0
        },
        "MAIL": {
            "precision": 0.31398416886543534,
            "recall": 0.4358974358974359,
            "f1-score": 0.36503067484662577,
            "support": 273.0
        },
        "P2P": {
            "precision": 0.6433189655172413,
            "recall": 0.74625,
            "f1-score": 0.6909722222222222,
            "support": 800.0
        },
        "STREAMING": {
            "precision": 0.6231155778894473,
            "recall": 0.48249027237354086,
            "f1-score": 0.543859649122807,
            "support": 257.0
        },
        "VOIP": {
            "precision": 0.7204366282595512,
            "recall": 0.9159599074787972,
            "f1-score": 0.8065173116089613,
            "support": 1297.0
        },
        "VPN-BROWSING": {
            "precision": 0.6195593766792047,
            "recall": 0.5765,
            "f1-score": 0.5972545972545973,
            "support": 2000.0
        },
        "VPN-CHAT": {
            "precision": 0.5012285012285013,
            "recall": 0.3591549295774648,
            "f1-score": 0.41846153846153844,
            "support": 568.0
        },
        "VPN-FT": {
            "precision": 0.6507936507936508,
            "recall": 0.5664187035069076,
            "f1-score": 0.6056818181818182,
            "support": 941.0
        },
        "VPN-MAIL": {
            "precision": 0.6270358306188925,
            "recall": 0.787321063394683,
            "f1-score": 0.6980961015412511,
            "support": 489.0
        },
        "VPN-P2P": {
            "precision": 0.43255295429208473,
            "recall": 0.568081991215227,
            "f1-score": 0.4911392405063291,
            "support": 683.0
        },
        "VPN-STREAMING": {
            "precision": 0.6804979253112033,
            "recall": 0.7354260089686099,
            "f1-score": 0.7068965517241379,
            "support": 223.0
        },
        "VPN-VOIP": {
            "precision": 0.7217694994179278,
            "recall": 0.5560538116591929,
            "f1-score": 0.6281661600810537,
            "support": 1115.0
        },
        "accuracy": 0.6293753140177525,
        "macro avg": {
            "precision": 0.6129464345193888,
            "recall": 0.5916036825445606,
            "f1-score": 0.5902753195952727,
            "support": 11942.0
        },
        "weighted avg": {
            "precision": 0.6374301774819778,
            "recall": 0.6293753140177525,
            "f1-score": 0.6231394862431018,
            "support": 11942.0
        }
    }
}