{
    "accuracy": 0.9078881259420533,
    "classification_report": {
        "BROWSING": {
            "precision": 0.927663734115347,
            "recall": 0.949,
            "f1-score": 0.9382105783489867,
            "support": 2000.0
        },
        "CHAT": {
            "precision": 0.8519269776876268,
            "recall": 0.8383233532934131,
            "f1-score": 0.8450704225352113,
            "support": 501.0
        },
        "FT": {
            "precision": 0.955810147299509,
            "recall": 0.7345911949685534,
            "f1-score": 0.8307254623044097,
            "support": 795.0
        },
        "MAIL": {
            "precision": 0.9148936170212766,
            "recall": 0.7875457875457875,
            "f1-score": 0.8464566929133859,
            "support": 273.0
        },
        "P2P": {
            "precision": 0.9607361963190184,
            "recall": 0.97875,
            "f1-score": 0.9696594427244583,
            "support": 800.0
        },
        "STREAMING": {
            "precision": 0.9336283185840708,
            "recall": 0.8210116731517509,
            "f1-score": 0.8737060041407867,
            "support": 257.0
        },
        "VOIP": {
            "precision": 0.9865930599369085,
            "recall": 0.9645335389360061,
            "f1-score": 0.9754385964912281,
            "support": 1297.0
        },
        "VPN-BROWSING": {
            "precision": 0.9113861386138614,
            "recall": 0.9205,
            "f1-score": 0.9159203980099503,
            "support": 2000.0
        },
        "VPN-CHAT": {
            "precision": 0.8443579766536965,
            "recall": 0.7640845070422535,
            "f1-score": 0.8022181146025879,
            "support": 568.0
        },
        "VPN-FT": {
            "precision": 0.8451882845188284,
            "recall": 0.8586609989373007,
            "f1-score": 0.8518713758566157,
            "support": 941.0
        },
        "VPN-MAIL": {
            "precision": 0.9060665362035225,
            "recall": 0.9468302658486708,
            "f1-score": 0.926,
            "support": 489.0
        },
        "VPN-P2P": {
            "precision": 0.706766917293233,
            "recall": 0.9633967789165446,
            "f1-score": 0.815365551425031,
            "support": 683.0
        },
        "VPN-STREAMING": {
            "precision": 0.9819819819819819,
            "recall": 0.9775784753363229,
            "f1-score": 0.9797752808988764,
            "support": 223.0
        },
        "VPN-VOIP": {
            "precision": 0.9670932358318098,
            "recall": 0.9488789237668162,
            "f1-score": 0.9578995020371208,
            "support": 1115.0
        },
        "accuracy": 0.9078881259420533,
        "macro avg": {
            "precision": 0.9067209372900493,
            "recall": 0.8895489641245301,
            "f1-score": 0.8948798158777606,
            "support": 11942.0
        },
        "weighted avg": {
            "precision": 0.9128026801725084,
            "recall": 0.9078881259420533,
            "f1-score": 0.9078959025966109,
            "support": 11942.0
        }
    }
}