{
    "accuracy": 0.9050410316529894,
    "classification_report": {
        "BROWSING": {
            "precision": 0.9303015323776569,
            "recall": 0.941,
            "f1-score": 0.9356201839423316,
            "support": 2000.0
        },
        "CHAT": {
            "precision": 0.856,
            "recall": 0.8542914171656687,
            "f1-score": 0.8551448551448552,
            "support": 501.0
        },
        "FT": {
            "precision": 0.9276729559748428,
            "recall": 0.7421383647798742,
            "f1-score": 0.8245981830887491,
            "support": 795.0
        },
        "MAIL": {
            "precision": 0.9071729957805907,
            "recall": 0.7875457875457875,
            "f1-score": 0.8431372549019608,
            "support": 273.0
        },
        "P2P": {
            "precision": 0.9530120481927711,
            "recall": 0.98875,
            "f1-score": 0.9705521472392638,
            "support": 800.0
        },
        "STREAMING": {
            "precision": 0.9609756097560975,
            "recall": 0.7665369649805448,
            "f1-score": 0.8528138528138528,
            "support": 257.0
        },
        "VOIP": {
            "precision": 0.992879746835443,
            "recall": 0.9676175790285274,
            "f1-score": 0.9800859039437719,
            "support": 1297.0
        },
        "VPN-BROWSING": {
            "precision": 0.8941798941798942,
            "recall": 0.9295,
            "f1-score": 0.9114979161559206,
            "support": 2000.0
        },
        "VPN-CHAT": {
            "precision": 0.8407258064516129,
            "recall": 0.7341549295774648,
            "f1-score": 0.7838345864661654,
            "support": 568.0
        },
        "VPN-FT": {
            "precision": 0.8629385964912281,
            "recall": 0.8363443145589798,
            "f1-score": 0.8494333513221802,
            "support": 941.0
        },
        "VPN-MAIL": {
            "precision": 0.8874045801526718,
            "recall": 0.950920245398773,
            "f1-score": 0.9180651530108588,
            "support": 489.0
        },
        "VPN-P2P": {
            "precision": 0.6962719298245614,
            "recall": 0.9297218155197657,
            "f1-score": 0.7962382445141066,
            "support": 683.0
        },
        "VPN-STREAMING": {
            "precision": 0.9906976744186047,
            "recall": 0.9551569506726457,
            "f1-score": 0.9726027397260274,
            "support": 223.0
        },
        "VPN-VOIP": {
            "precision": 0.9684400360685302,
            "recall": 0.9632286995515695,
            "f1-score": 0.9658273381294964,
            "support": 1115.0
        },
        "accuracy": 0.9050410316529894,
        "macro avg": {
            "precision": 0.9049052433217504,
            "recall": 0.8819219334842572,
            "f1-score": 0.8899608364571102,
            "support": 11942.0
        },
        "weighted avg": {
            "precision": 0.9093879374987156,
            "recall": 0.9050410316529894,
            "f1-score": 0.9048961142734215,
            "support": 11942.0
        }
    }
}